{
  "entryAssembly": "BlazorWebAssemblyTest.Client",
  "resources": {
    "hash": "sha256-obbVCliXmnP1HtixfnA9xsJ8H61YYVB+hA3CnQsLaG8=",
    "runtime": {
      "dotnet.7.0.14.rhxjh2rh7s.js": "sha256-YWGUknGRzP/fgO6YjvCJKPVQNZAPEd6ll+rHfQEIW+I=",
      "dotnet.timezones.blat": "sha256-t5xviiOQTfAsF0UDhmcyalKiaehUmf/sqJl97tmPM0M=",
      "dotnet.wasm": "sha256-Oyo/i3KkRvFfEKDQqn9DjK1HWx19Z6eCVCNsUFQPSJU=",
      "icudt_CJK.dat": "sha256-SZLtQnRc0JkwqHab0VUVP7T3uBPSeYzxzDnpxPpUnHk=",
      "icudt_EFIGS.dat": "sha256-8fItetYY8kQ0ww6oxwTLiT3oXlBwHKumbeP2pRF4yTc=",
      "icudt_no_CJK.dat": "sha256-L7sV7NEYP37/Qr2FPCePo5cJqRgTXRwGHuwF5Q+0Nfs="
    },
    "assembly": {
      "BlazorWebAssemblyTest.Client.dll": "sha256-XoAxth5+ZfbP2nm9qekuCx3N5VWqfmxnFPB2oQflMYs=",
      "BlazorWebAssemblyTest.Shared.dll": "sha256-88qAza5iN2HVZbiT1G89+KCgfr30FS8HwjZYuGbvwTw=",
      "Microsoft.AspNetCore.Components.dll": "sha256-b6khMY/8+bJXECqx7QdCN3lo927YKE72hYI9I2ridZw=",
      "Microsoft.AspNetCore.Components.Forms.dll": "sha256-2aUnZ6v6nWMKdyh7PC2xtmmGY+bhrNTXR8oRFQahM54=",
      "Microsoft.AspNetCore.Components.Web.dll": "sha256-0MYUqo1ZuWALsx3plTun7+Y6J+cDnlbxbFKYw3Nh0z0=",
      "Microsoft.AspNetCore.Components.WebAssembly.dll": "sha256-XYM80863rCSqPKTIFsPNKnli9FGEN6ydRhJq9gbYJAE=",
      "Microsoft.Extensions.Configuration.Abstractions.dll": "sha256-X/f4fDl2cuIRXeWHhK/f2UqQbFioD+RU4a4CEh0zrrQ=",
      "Microsoft.Extensions.Configuration.dll": "sha256-DBOKSPriP2JDxVbbWrLXyD3K4/x3RBifNBWk/q1I39M=",
      "Microsoft.Extensions.Configuration.Json.dll": "sha256-Q5AqJneA2TZnzC0IYzBx6j/tHRhWAeMbpH3BsV7KgWg=",
      "Microsoft.Extensions.DependencyInjection.Abstractions.dll": "sha256-mhhBzG6wATcTm3CKeAZVp9XC3+shYSUvylUu+CNFc7M=",
      "Microsoft.Extensions.DependencyInjection.dll": "sha256-qi0kE7rp0kdsNqdL6DyPZEeimjUGvcLT4iWQX0YnRus=",
      "Microsoft.Extensions.Logging.Abstractions.dll": "sha256-Hk+Op/2l4FOzMdkD+rOCWVwFQ6lTsWYTK+FvYTHiKNM=",
      "Microsoft.Extensions.Logging.dll": "sha256-RJE660TEC1wm3MyL1EXQfTQB1qK+JWy1efVUxI8nNUo=",
      "Microsoft.Extensions.Options.dll": "sha256-WPBQk7rt2p4aMEo2pTp1sBpsiWdE8MmWuIYq+zl1ceo=",
      "Microsoft.Extensions.Primitives.dll": "sha256-eXvGx2jcjpTPEJoAHBsW/VuMPbNyyU+AsuhPmkzSSRY=",
      "Microsoft.JSInterop.dll": "sha256-+Ocn1BQJtohBhsgZTM2mUCI8SX4EFb/JVGbVPOzffDY=",
      "Microsoft.JSInterop.WebAssembly.dll": "sha256-bzbqcJ6KmXNtttCdwlY3JqqzIuFo0rRDUc7qjI8CKYM=",
      "System.Collections.Concurrent.dll": "sha256-/Uc7qvQTWahu3PioqIbLGDiwOIIkflYbp5XXnuKg714=",
      "System.Collections.dll": "sha256-3q6p1H2y/z0Z0BiJZ2LRHb8hnchRLg1CGH/YhkSB/Cg=",
      "System.Collections.NonGeneric.dll": "sha256-F5+k7pU4HqCX/mmz6AF77LPsNsze6GGH3kR8G7lXL/k=",
      "System.Collections.Specialized.dll": "sha256-6l5Ndt4qwVNF9bXCqLSNqzAgze9X3dgk0GKc5l58cj8=",
      "System.ComponentModel.dll": "sha256-pGP1Cnq1M/2Hkyb2tJWqyVXzPDBaqoWBi3pBs4L1Cbg=",
      "System.ComponentModel.Primitives.dll": "sha256-wbs1UwZhZJv5bo8V3JDreI0Z5KF/0oRLIHfs/RJmRYE=",
      "System.ComponentModel.TypeConverter.dll": "sha256-SNuYwT8/Jd5ArU9ku+4kwuBM8bwvVq+wKXNID+ZbkTE=",
      "System.Console.dll": "sha256-kEgAvT3m4nnc7vzkCZ43FDig/aszr3T7lPpUYojlWEU=",
      "System.dll": "sha256-6ikjWsGy0Vvl2DPgoSvgFFGjtng+mEdqfQ735EeaORs=",
      "System.Linq.dll": "sha256-7NYXfaLLEfioZDxVfeYJUUBKPAHFnkJOMlL2lY/32tY=",
      "System.Memory.dll": "sha256-A8ZjLMsxjsCFbd7DQ93yvfy4MmJKGtzEV2LkUuICi1M=",
      "System.Net.Http.dll": "sha256-UeSpmHi69SXhY3IxNwNn3siiVSvuBIKXM83sFPIxT1Q=",
      "System.Net.Http.Json.dll": "sha256-nYxtP1W0i+ImC0IQ6oxywM3EwqiAvPU01y9OSNohf/M=",
      "System.Net.Primitives.dll": "sha256-nOoLJh4+suOf3q43JBSknW99ybub9wjOpNW1tKX4V2I=",
      "System.ObjectModel.dll": "sha256-yUvIC3Sr3hnkZCBwBziLOgCIAqQUibEX1utIC3YKOT8=",
      "System.Private.CoreLib.dll": "sha256-ymWfwfCOUm48BpyHiy2Eylx9Hn++5yCWQyx+GplbCvY=",
      "System.Private.Uri.dll": "sha256-eUEsDp3Be2NJ4TIqLkG6v2aXREwpWBdOD8+M7gfKgEs=",
      "System.Runtime.dll": "sha256-PVrr+mkaOQjK7k45gGSYLp76GH0WUO/CB5r6XrnyYws=",
      "System.Runtime.InteropServices.JavaScript.dll": "sha256-jF5031Knj+v9JHWfETs2gj/VQZNxKMK9KbEghjV9+n4=",
      "System.Text.Encodings.Web.dll": "sha256-ChxM2laH4hgiZAQtC4snIt9lPmf8kF2gFJMqeGJ2E7Y=",
      "System.Text.Json.dll": "sha256-mo98BO3+eMg9J9SV5n6HfM9H52lx50ndw1Uyf4wAjGY="
    },
    "runtimeAssets": {
      "dotnet.wasm": {
        "hash": "sha256-Oyo/i3KkRvFfEKDQqn9DjK1HWx19Z6eCVCNsUFQPSJU=",
        "behavior": "dotnetwasm"
      }
    }
  },
  "cacheBootResources": true,
  "debugBuild": false,
  "debugLevel": 0,
  "linkerEnabled": true,
  "config": [],
  "icuDataMode": 0,
  "extensions": {
    "blazor": {}
  }
}