{
  "cacheBootResources": true,
  "config": [ ],
  "debugBuild": false,
  "entryAssembly": "BlazorWebAssemblyTest.Client",
  "icuDataMode": 0,
  "linkerEnabled": true,
  "resources": {
    "assembly": {
      "BlazorWebAssemblyTest.Client.dll": "sha256-hacj9254Z\/GnPE\/ufjEH9gzFkJqYr1gJ4nauk6y7poQ=",
      "BlazorWebAssemblyTest.Shared.dll": "sha256-4J7dPaUl8sBLkxrST5qoWflGZ+y++zlQ15sJBsgcdoQ=",
      "Microsoft.AspNetCore.Components.dll": "sha256-b6khMY\/8+bJXECqx7QdCN3lo927YKE72hYI9I2ridZw=",
      "Microsoft.AspNetCore.Components.Forms.dll": "sha256-2aUnZ6v6nWMKdyh7PC2xtmmGY+bhrNTXR8oRFQahM54=",
      "Microsoft.AspNetCore.Components.Web.dll": "sha256-0MYUqo1ZuWALsx3plTun7+Y6J+cDnlbxbFKYw3Nh0z0=",
      "Microsoft.AspNetCore.Components.WebAssembly.dll": "sha256-XYM80863rCSqPKTIFsPNKnli9FGEN6ydRhJq9gbYJAE=",
      "Microsoft.Extensions.Configuration.Abstractions.dll": "sha256-X\/f4fDl2cuIRXeWHhK\/f2UqQbFioD+RU4a4CEh0zrrQ=",
      "Microsoft.Extensions.Configuration.dll": "sha256-DBOKSPriP2JDxVbbWrLXyD3K4\/x3RBifNBWk\/q1I39M=",
      "Microsoft.Extensions.Configuration.Json.dll": "sha256-Q5AqJneA2TZnzC0IYzBx6j\/tHRhWAeMbpH3BsV7KgWg=",
      "Microsoft.Extensions.DependencyInjection.Abstractions.dll": "sha256-mhhBzG6wATcTm3CKeAZVp9XC3+shYSUvylUu+CNFc7M=",
      "Microsoft.Extensions.DependencyInjection.dll": "sha256-qi0kE7rp0kdsNqdL6DyPZEeimjUGvcLT4iWQX0YnRus=",
      "Microsoft.Extensions.Logging.Abstractions.dll": "sha256-Hk+Op\/2l4FOzMdkD+rOCWVwFQ6lTsWYTK+FvYTHiKNM=",
      "Microsoft.Extensions.Logging.dll": "sha256-RJE660TEC1wm3MyL1EXQfTQB1qK+JWy1efVUxI8nNUo=",
      "Microsoft.Extensions.Options.dll": "sha256-WPBQk7rt2p4aMEo2pTp1sBpsiWdE8MmWuIYq+zl1ceo=",
      "Microsoft.Extensions.Primitives.dll": "sha256-eXvGx2jcjpTPEJoAHBsW\/VuMPbNyyU+AsuhPmkzSSRY=",
      "Microsoft.JSInterop.dll": "sha256-+Ocn1BQJtohBhsgZTM2mUCI8SX4EFb\/JVGbVPOzffDY=",
      "Microsoft.JSInterop.WebAssembly.dll": "sha256-bzbqcJ6KmXNtttCdwlY3JqqzIuFo0rRDUc7qjI8CKYM=",
      "System.Collections.Concurrent.dll": "sha256-qJMFlUwPG09QvMHs+nDm5TYWiPIHsasLBxllpotyp9Y=",
      "System.Collections.dll": "sha256-nC6wN8DzXh8iC0X9qEbvifoYLTZQ8yz\/pEJPX3VIEts=",
      "System.Collections.NonGeneric.dll": "sha256-+LhwT8X46bBlUp+0eU5ZPKVUDx8tjMJULZiuEjjI3ME=",
      "System.Collections.Specialized.dll": "sha256-exNXBcTJakiOIvIP6eeDbe6CUhTLiA4pMh+mu4sZGYw=",
      "System.ComponentModel.dll": "sha256-7Q\/NXN65gE4JtXUu61hnC8nYnGpfPndS4I8Tds2v5uo=",
      "System.ComponentModel.Primitives.dll": "sha256-LWRBDodo5+H97WHvKmwUGqgNhdHxa8kUiYo3EIP8xVU=",
      "System.ComponentModel.TypeConverter.dll": "sha256-qHuV6bWUhUn2iokHhyoGJ5ViMNmspv3aSA1OPXsOLu4=",
      "System.Console.dll": "sha256-\/k7lWJJbDZz7lineICe2D0rZFAd62pziHhN5EH8ENZE=",
      "System.dll": "sha256-0FM7lecMRXqYYN0oYnNU8NC1ipKpU+jYHuHkgK73cvo=",
      "System.Linq.dll": "sha256-4Zo1xS8dXm5FJY+0o2v4tFM3S8we4dfOJJCh5WmZYf0=",
      "System.Memory.dll": "sha256-qsm9FE0j4Y5V6SWkbHfEHmUTbqXocbTo56YzM0OBj9M=",
      "System.Net.Http.dll": "sha256-qQVD7Uz6l8P7y4iIaB3HgZxp3OsKZSalt8yMs7CstD0=",
      "System.Net.Http.Json.dll": "sha256-K6TNB17NYd2w\/JpWeb8SV+Sk+4DEqh1gpxdSnJVl9m8=",
      "System.Net.Primitives.dll": "sha256-ASXBD9A+0syveymmc\/UzOs8n64Gt0\/lESe6rmhV9aK8=",
      "System.ObjectModel.dll": "sha256-rMAiMpYwLwKwEZ+xPZBT69Z27qXDfOMPRFTVZVT90Ac=",
      "System.Private.CoreLib.dll": "sha256-dZAz4IUH29qFdsQPDz3Vyj+JwbkH1eWffp92YqTInR8=",
      "System.Private.Uri.dll": "sha256-TJhQJi4gbZUdxTa3BZg3MT16h645MzDoxd0tg14aB1w=",
      "System.Runtime.dll": "sha256-C13dh3UmvUotQxwC\/gIDwfbXfKMXZ4yVz7JOK3eGpzs=",
      "System.Runtime.InteropServices.JavaScript.dll": "sha256-dbqGRcWgNMOjykoJjO8s\/ZdZBoyVrcrE\/FLNjf\/YZu8=",
      "System.Text.Encodings.Web.dll": "sha256-0cl9ZIr5FPoIXavnB5DaVQBTriPrXIR6uaSZwESfOX8=",
      "System.Text.Json.dll": "sha256-fkbNQ0Uo4TflZC6bc2aeQW4Ap78O0etgic2JcMptaJQ="
    },
    "extensions": null,
    "lazyAssembly": null,
    "libraryInitializers": null,
    "pdb": null,
    "runtime": {
      "dotnet.7.0.11.gy3uz5s9ji.js": "sha256-RtIVigdAD1mUvR4pxoKyD8kcQgw4INP81v+PVSqkeQY=",
      "dotnet.timezones.blat": "sha256-gIJRsMe\/q4cM8EeOn+wrpfipBqBOq0niTDjqSBdXsVI=",
      "dotnet.wasm": "sha256-hm1Mz+MEUcCzB1ptOGcOa7Kdyb4wf5\/XLZCe8VoiqkU=",
      "icudt.dat": "sha256-tO5O5YzMTVSaKBboxAqezOQL9ewmupzV2JrB5Rkc8a4=",
      "icudt_CJK.dat": "sha256-SZLtQnRc0JkwqHab0VUVP7T3uBPSeYzxzDnpxPpUnHk=",
      "icudt_EFIGS.dat": "sha256-8fItetYY8kQ0ww6oxwTLiT3oXlBwHKumbeP2pRF4yTc=",
      "icudt_no_CJK.dat": "sha256-L7sV7NEYP37\/Qr2FPCePo5cJqRgTXRwGHuwF5Q+0Nfs="
    },
    "runtimeAssets": {
      "dotnet.wasm": {
        "behavior": "dotnetwasm",
        "hash": "sha256-hm1Mz+MEUcCzB1ptOGcOa7Kdyb4wf5\/XLZCe8VoiqkU="
      }
    },
    "satelliteResources": null
  }
}